b_X_Y_1000,zaffalon_bound_lower,zaffalon_bound_upper
-4965,-0,4503,-0,3038
-4970,-0,3556,0,4701
-4990,-0,5913,-0,3255
-4985,-0,5807,-0,0126
-4975,-0,7200,-0,1801
-4980,-0,8183,-0,0336
-5000,-0,7038,-0,2233
-4995,-0,5703,-0,3486
-4955,-0,5848,-0,4258
-4960,-0,6898,-0,3293
-4935,-0,7525,0,1584
-4945,-0,5853,0,1699
-4950,-0,6432,-0,3409
-4940,-0,5617,-0,3862
-4930,-0,5065,-0,1254
-4925,-0,6599,0,0408
-4910,-0,5202,0,1403
-4905,-0,5287,-0,3597
-4915,-0,4884,0,0517
-4900,-0,3098,0,2398
-4895,-0,5358,0,2849
-4920,-0,7067,0,0113
-4890,-0,8199,0,0426
-4885,-0,4295,0,2172
-4880,-0,6346,-0,1250
-4845,-0,5338,0,2304
-4875,-0,6183,-0,3220
-4855,-0,3803,0,1592
-4850,-0,7655,-0,1314
-4870,-0,4551,-0,2453
-4865,-0,7347,-0,3735
-4860,-0,4250,-0,3051
-4835,-0,7107,-0,4888
-4830,-0,6530,-0,3075
-4840,-0,5363,-0,2190
-4825,-0,6510,0,0078
-4815,-0,5263,-0,1681
-4810,-0,7641,-0,2240
-4805,-0,7319,0,1564
-4820,-0,7385,0,0022
-4800,-0,7083,-0,4340
-4780,-0,7429,-0,4609
-4770,-0,3523,0,1601
-4795,-0,5253,-0,0074
-4790,-0,7717,-0,1884
-4785,-0,5523,-0,3171
-4765,-0,6495,-0,0245
-4775,-0,6443,-0,2987
-4755,-0,3258,0,2462
-4760,-0,3792,0,4259
-4730,-0,5875,-0,1326
-4725,-0,4092,-0,1172
-4745,-0,7162,0,0700
-4750,-0,5709,-0,2796
-4740,-0,7198,-0,1710
-4735,-0,3634,-0,2236
-4715,-0,6863,-0,0853
-4710,-0,6090,-0,3334
-4720,-0,6705,-0,2343
-4695,-0,3919,0,0007
-4700,-0,7984,-0,2336
-4705,-0,5814,0,1081
-4685,-0,7396,-0,3279
-4690,-0,7850,-0,4058
-4680,-0,6998,-0,3530
-4675,-0,7173,-0,0200
-4670,-0,7100,-0,2273
-4665,-0,4669,0,0208
-4650,-0,6086,-0,0187
-4660,-0,5904,-0,3546
-4655,-0,6530,0,1022
-4645,-0,4960,0,2337
-4640,-0,6234,-0,2397
-4625,-0,6752,0,1440
-4620,-0,6497,0,0023
-4635,-0,8083,-0,0835
-4630,-0,8130,-0,1601
-4610,-0,5997,-0,1317
-4615,-0,7179,-0,2598
-4605,-0,6596,-0,3075
-4600,-0,5468,-0,0114
-4590,-0,6198,-0,0800
-4585,-0,5497,-0,1549
-4595,-0,5436,-0,1244
-4580,-0,4079,0,0777
-4575,-0,6463,-0,1755
-4570,-0,6899,-0,3535
-4565,-0,3845,-0,1729
-4560,-0,6147,0,1730
-4540,-0,6462,-0,0061
-4550,-0,5575,0,2197
-4555,-0,6017,-0,2067
-4545,-0,5199,0,0578
-4535,-0,5759,0,1465
-4530,-0,7502,0,0360
-4520,-0,6895,-0,0622
-4525,-0,7252,-0,0191
-4515,-0,5425,-0,0996
-4505,-0,5945,0,2508
-4510,-0,5979,-0,3761
-4500,-0,5624,0,1858
-4490,-0,6262,0,0547
-4495,-0,6558,-0,2005
-4485,-0,6328,-0,2639
-4480,-0,5585,-0,2447
-4470,-0,5109,0,0000
-4475,-0,6982,-0,1649
-4465,-0,5644,0,1249
-4460,-0,4915,0,0595
-4450,-0,6476,-0,0541
-4455,-0,5867,-0,1300
-4445,-0,5492,-0,1608
-4435,-0,7191,-0,0644
-4440,-0,6623,0,0209
-4430,-0,6678,-0,1633
-4425,-0,6576,-0,2483
-4420,-0,6993,-0,4966
-4415,-0,7539,-0,2450
-4410,-0,4806,0,1558
-4400,-0,3184,0,1160
-4405,-0,4108,0,1828
-4395,-0,6278,-0,3326
-4380,-0,6011,0,0399
-4390,-0,6148,-0,0061
-4385,-0,6131,0,0554
-4375,-0,4726,0,1988
-4370,-0,4588,-0,1216
-4365,-0,6755,-0,1106
-4360,-0,5594,-0,2136
-4355,-0,6043,-0,2142
-4345,-0,5404,0,0990
-4350,-0,5818,-0,1964
-4340,-0,6793,-0,0571
-4335,-0,5767,-0,3315
-4330,-0,6273,-0,2681
-4320,-0,7166,-0,0278
-4325,-0,6613,-0,3542
-4315,-0,4594,-0,0010
-4305,-0,6811,-0,3905
-4310,-0,6061,-0,1541
-4300,-0,5923,-0,2124
-4290,-0,5700,-0,0177
-4295,-0,7904,-0,0244
-4285,-0,6423,-0,1865
-4275,-0,6769,0,0476
-4280,-0,6815,-0,2677
-4270,-0,5701,-0,1944
-4265,-0,6141,0,0030
-4260,-0,7568,-0,0010
-4255,-0,7105,-0,0176
-4250,-0,6528,-0,0354
-4245,-0,5375,0,0205
-4240,-0,6873,-0,4351
-4230,-0,7818,-0,0240
-4235,-0,5995,-0,1170
-4225,-0,6328,-0,0042
-4220,-0,4327,-0,0067
-4215,-0,6899,-0,0075
-4210,-0,5396,-0,1639
-4200,-0,6963,0,1620
-4195,-0,4774,-0,0338
-4190,-0,6291,0,1331
-4205,-0,7442,-0,0630
-4185,-0,5265,-0,0068
-4180,-0,6250,-0,0486
-4175,-0,6330,0,2483
-4170,-0,5766,0,0405
-4165,-0,6617,-0,2133
-4160,-0,6937,-0,0110
-4155,-0,7224,-0,0853
-4150,-0,7585,-0,1397
-4140,-0,6320,-0,2852
-4145,-0,6935,-0,0702
-4135,-0,6154,-0,0113
-4095,-0,9086,0,9141
-4130,-0,7082,-0,2845
-4120,-0,5513,0,1720
-4115,-0,5153,0,0731
-4125,-0,5851,-0,0154
-4110,-0,3629,0,2268
-4105,-0,4834,-0,0106
-4060,-0,8330,0,8571
-4055,-0,7310,0,8541
-4100,-0,5398,-0,0621
-4090,-0,6867,0,0457
-4085,-0,6198,0,1339
-4080,-0,5226,-0,0773
-4075,-0,4793,0,1493
-4070,-0,5395,0,0297
-4020,-0,5576,0,5271
-4065,-0,3396,0,4302
-4015,-0,5253,0,8288
-4050,-0,7090,-0,2322
-4045,-0,4838,0,0467
-4040,-0,6403,-0,3347
-4035,-0,7303,-0,2785
-4030,-0,4998,-0,1688
-4025,-0,6396,-0,0552
-4005,-0,3799,-0,0047
-4010,-0,6238,-0,0907
-3995,-0,5706,-0,2165
-4000,-0,7786,-0,1002
-3990,-0,6843,-0,4829
-3985,-0,8327,-0,2530
-3975,-0,4725,0,1953
-3980,-0,6177,-0,2311
-3970,-0,4445,0,0656
-3965,-0,6707,-0,0771
-3960,-0,7190,-0,0719
-3955,-0,4095,-0,2278
-3950,-0,6501,-0,3031
-3945,-0,7758,-0,2145
-3940,-0,7519,-0,3540
-3935,-0,6634,-0,3398
-3930,-0,5358,0,0392
-3925,-0,6013,-0,0835
-3920,-0,6589,-0,1360
-3915,-0,6679,-0,0892
-3910,-0,4594,0,3685
-3905,-0,5103,0,0104
-3900,-0,6349,-0,0062
-3895,-0,5699,-0,2074
-3880,-0,5563,-0,0414
-3890,-0,3737,-0,2240
-3885,-0,7041,-0,0867
-3875,-0,5573,-0,0200
-3870,-0,4186,-0,1218
-3860,-0,5335,-0,0950
-3865,-0,4513,0,2001
-3855,-0,4844,-0,2644
-3850,-0,3846,0,2394
-3845,-0,6404,-0,2689
-3840,-0,5359,-0,0844
-3835,-0,5411,-0,0146
-3830,-0,4855,-0,0110
-3820,-0,4932,-0,3080
-3825,-0,5858,-0,2872
-3815,-0,6457,-0,0105
-3810,-0,5901,0,1620
-3805,-0,6280,-0,0750
-3800,-0,6163,0,0061
-3795,-0,5025,-0,0800
-3790,-0,5655,-0,2884
-3775,-0,5803,0,0857
-3780,-0,5889,-0,1940
-3785,-0,7174,-0,0002
-3770,-0,7313,-0,3738
-3765,-0,5419,-0,2703
-3760,-0,6512,-0,0044
-3755,-0,7271,-0,1264
-3745,-0,5372,-0,0095
-3750,-0,4925,-0,0145
-3735,-0,7596,-0,1505
-3740,-0,6701,-0,2880
-3730,-0,3878,-0,0848
-3720,-0,2971,0,0011
-3725,-0,5167,0,0031
-3715,-0,6679,-0,0231
-3705,-0,4620,-0,1465
-3710,-0,7646,-0,2963
-3700,-0,6393,0,2104
-3695,-0,5684,-0,3377
-3690,-0,5825,-0,1829
-3685,-0,7732,-0,3151
-3675,-0,6050,-0,3222
-3680,-0,6721,-0,2748
-3665,-0,6435,-0,1553
-3670,-0,4940,0,1019
-3655,-0,5968,-0,0270
-3660,-0,6714,-0,0011
-3650,-0,3777,0,0196
-3645,-0,6374,-0,2323
-3640,-0,5199,-0,1112
-3635,-0,7341,-0,2808
-3630,-0,5064,-0,2025
-3625,-0,7045,-0,3707
-3620,-0,4788,-0,1804
-3615,-0,6282,-0,1837
-3610,-0,6062,-0,1096
-3605,-0,4848,-0,0372
-3600,-0,5113,-0,2056
-3595,-0,7068,0,0005
-3590,-0,6118,0,1872
-3585,-0,5076,0,3325
-3580,-0,6685,-0,1286
-3575,-0,4947,-0,2788
-3570,-0,5462,-0,0006
-3565,-0,5925,-0,0156
-3560,-0,4939,-0,1111
-3555,-0,5712,-0,1615
-3550,-0,6782,-0,3250
-3545,-0,5685,0,1291
-3535,-0,4899,-0,0005
-3540,-0,7619,-0,2296
-3530,-0,4039,-0,0741
-3525,-0,5919,-0,0088
-3520,-0,4453,-0,0725
-3515,-0,5191,-0,1547
-3510,-0,5764,-0,1070
-3505,-0,6492,-0,2375
-3495,-0,5258,-0,0453
-3500,-0,4916,-0,1343
-3490,-0,5989,-0,0089
-3480,-0,4158,0,2730
-3485,-0,3967,0,3693
-3475,-0,4970,-0,3099
-3470,-0,6621,-0,0157
-3465,-0,5011,-0,1872
-3460,-0,5304,-0,0112
-3455,-0,6132,0,1843
-3450,-0,7135,-0,0007
-3445,-0,5061,-0,0175
-3440,-0,7971,-0,1475
-3435,-0,6091,-0,1461
-3430,-0,4171,-0,0238
-3425,-0,5043,-0,3083
-3415,-0,5008,0,0329
-3420,-0,4849,-0,0506
-3410,-0,3551,0,2016
-3405,-0,4934,-0,0165
-3400,-0,6631,-0,2100
-3395,-0,7544,-0,0698
-3390,-0,5215,-0,0272
-3385,-0,5165,-0,0951
-3380,-0,5170,0,1062
-3375,-0,5596,-0,1930
-3370,-0,6948,-0,0463
-3365,-0,7227,-0,3454
-3360,-0,5817,-0,0007
-3355,-0,7078,-0,1895
-3350,-0,5944,-0,1249
-3340,-0,5141,0,0901
-3345,-0,6618,-0,0706
-3335,-0,7011,-0,0293
-3325,-0,5701,-0,0049
-3330,-0,5405,-0,1491
-3320,-0,5525,0,0408
-3315,-0,6512,-0,3440
-3310,-0,5847,0,1517
-3300,-0,4733,0,0971
-3305,-0,5407,-0,2522
-3295,-0,7085,-0,2109
-3285,-0,6199,-0,0000
-3290,-0,6574,-0,3177
-3280,-0,5387,-0,2069
-3275,-0,4972,-0,1455
-3270,-0,4741,-0,1062
-3265,-0,4181,0,1850
-3260,-0,5455,-0,1920
-3255,-0,5949,-0,0025
-3250,-0,7551,-0,0257
-3245,-0,6020,-0,0145
-3240,-0,5760,-0,0606
-3235,-0,5053,-0,2545
-3230,-0,4607,0,2664
-3225,-0,3217,0,2499
-3220,-0,5193,-0,0003
-3215,-0,5496,0,3455
-3210,-0,4533,-0,2110
-3205,-0,5820,0,0184
-3200,-0,5188,-0,1469
-3195,-0,5703,-0,0350
-3190,-0,5779,-0,1695
-3185,-0,3833,0,0151
-3180,-0,5131,0,2355
-3175,-0,5366,-0,3425
-3170,-0,4377,0,0264
-3165,-0,6239,-0,0059
-3160,-0,4842,-0,2480
-3155,-0,4896,0,0447
-3150,-0,5494,-0,3976
-3145,-0,5257,-0,2005
-3140,-0,5291,-0,0538
-3135,-0,6603,-0,0002
-3130,-0,7077,-0,1451
-3125,-0,5953,-0,2208
-3120,-0,6443,-0,0000
-3115,-0,5249,-0,1278
-3110,-0,4904,-0,0999
-3105,-0,5273,-0,0017
-3100,-0,5133,-0,1697
-3095,-0,5003,-0,0322
-3090,-0,6212,-0,2150
-3085,-0,5798,-0,1724
-3080,-0,6502,-0,1285
-3075,-0,6958,-0,4690
-3070,-0,7170,-0,0296
-3065,-0,4668,-0,1441
-3060,-0,8423,-0,0622
-3055,-0,3329,0,2348
-3050,-0,5023,0,1421
-3045,-0,4356,0,0537
-3040,-0,3561,0,0211
-3035,-0,6107,-0,3777
-3030,-0,6020,-0,3185
-3025,-0,7229,-0,1260
-3020,-0,6428,-0,0553
-3015,-0,3606,0,0212
-3010,-0,7166,0,0046
-3005,-0,6809,-0,3167
-3000,-0,4830,-0,0124
-2995,-0,5344,-0,0112
-2990,-0,5031,-0,0598
-2985,-0,5520,-0,0137
-2980,-0,4213,-0,0233
-2975,-0,7476,-0,2295
-2970,-0,6348,0,1664
-2965,-0,5671,-0,2048
-2960,-0,5870,-0,4056
-2955,-0,5931,0,0613
-2950,-0,5820,-0,2372
-2945,-0,6080,-0,1627
-2940,-0,4910,0,0977
-2935,-0,5387,-0,0803
-2930,-0,4873,-0,1161
-2925,-0,4834,-0,0035
-2920,-0,5710,-0,1310
-2915,-0,4443,0,1129
-2910,-0,6128,0,0215
-2905,-0,5659,-0,2579
-2900,-0,4674,-0,1598
-2895,-0,3296,0,4705
-2890,-0,6793,0,1292
-2885,-0,5683,-0,0089
-2880,-0,6284,-0,3593
-2875,-0,7289,-0,1272
-2870,-0,5980,-0,0627
-2865,-0,4814,-0,0690
-2860,-0,6423,-0,0011
-2855,-0,7226,-0,1044
-2850,-0,3343,0,2318
-2845,-0,6935,-0,1473
-2840,-0,5718,-0,0728
-2830,-0,5371,-0,4430
-2835,-0,5954,-0,1556
-2825,-0,4657,-0,2778
-2820,-0,5493,-0,2306
-2815,-0,4682,0,0561
-2805,-0,5495,-0,2613
-2810,-0,7518,0,0776
-2800,-0,6119,-0,0355
-2795,-0,4931,0,2230
-2790,-0,5828,-0,0177
-2785,-0,2387,0,0739
-2780,-0,3762,-0,1785
-2775,-0,4928,0,0297
-2770,-0,5897,-0,2663
-2765,-0,4830,-0,3400
-2760,-0,4156,0,0647
-2755,-0,6054,-0,2906
-2750,-0,5215,-0,0123
-2745,-0,6210,-0,3050
-2740,-0,5289,-0,3831
-2735,-0,5032,-0,0389
-2730,-0,5918,-0,2729
-2725,-0,4679,0,0756
-2720,-0,5705,-0,0701
-2715,-0,6185,-0,1307
-2710,-0,4498,0,1207
-2705,-0,6821,-0,1118
-2700,-0,4851,-0,3271
-2695,-0,6289,-0,4105
-2690,-0,3600,0,1875
-2685,-0,5284,0,0038
-2680,-0,3923,0,0202
-2675,-0,6935,-0,3528
-2670,-0,4451,0,0773
-2665,-0,4651,-0,0148
-2660,-0,5635,0,0697
-2655,-0,4394,-0,2355
-2650,-0,2475,0,3921
-2645,-0,5162,-0,2466
-2640,-0,5439,-0,0037
-2635,-0,2916,0,0140
-2630,-0,5549,-0,0230
-2625,-0,4765,-0,2281
-2615,-0,6084,-0,0420
-2620,-0,5457,-0,0904
-2610,-0,6625,0,0899
-2605,-0,4164,0,0292
-2600,-0,3556,-0,0868
-2595,-0,5312,0,0611
-2590,-0,4289,0,0252
-2585,-0,5715,-0,1616
-2580,-0,4942,-0,0367
-2575,-0,5718,-0,3710
-2565,-0,3727,0,2481
-2570,-0,4418,-0,1624
-2555,-0,4284,0,0258
-2560,-0,3569,-0,1429
-2550,-0,5863,-0,2709
-2545,-0,6892,-0,3042
-2540,-0,5367,-0,0875
-2535,-0,5072,0,1205
-2525,-0,4849,-0,2605
-2530,-0,5969,-0,2738
-2520,-0,5954,-0,1805
-2515,-0,5258,-0,0820
-2510,-0,4561,0,0172
-2505,-0,6360,-0,0013
-2500,-0,5948,-0,0548
-2495,-0,5497,-0,0690
-2490,-0,4855,0,0299
-2485,-0,4680,-0,0166
-2480,-0,5894,-0,2687
-2475,-0,5497,-0,2528
-2470,-0,4603,-0,1787
-2465,-0,5574,-0,2628
-2460,-0,4109,-0,2552
-2455,-0,7067,-0,1512
-2450,-0,4329,0,3191
-2445,-0,6456,-0,1895
-2440,-0,4377,-0,2040
-2435,-0,7196,-0,2036
-2430,-0,4515,-0,1212
-2425,-0,5479,-0,1721
-2420,-0,4352,-0,1568
-2415,-0,4628,-0,1428
-2410,-0,5618,0,0010
-2405,-0,5163,0,0259
-2400,-0,7335,-0,2485
-2395,-0,4185,-0,0413
-2390,-0,5902,-0,1701
-2385,-0,5457,0,1063
-2380,-0,5542,0,2053
-2375,-0,5212,-0,1725
-2370,-0,3628,-0,0077
-2365,-0,5487,-0,0636
-2360,-0,4535,-0,0790
-2355,-0,4751,-0,2184
-2350,-0,6330,0,0528
-2345,-0,3939,-0,0730
-2340,-0,3139,0,1533
-2335,-0,4877,0,2481
-2330,-0,5354,-0,2718
-2325,-0,6067,0,1644
-2320,-0,5870,-0,2345
-2315,-0,3644,-0,0831
-2310,-0,5547,0,0011
-2305,-0,5897,-0,0427
-2300,-0,5659,0,0040
-2295,-0,7211,-0,0884
-2285,-0,3100,-0,1455
-2290,-0,3935,0,0309
-2280,-0,5642,0,1320
-2275,-0,4771,-0,1364
-2270,-0,4536,-0,1908
-2265,-0,5400,-0,2326
-2260,-0,5457,0,1352
-2255,-0,3899,-0,0616
-2250,-0,5644,-0,1185
-2245,-0,5087,-0,0621
-2240,-0,5604,-0,0297
-2235,-0,4552,-0,0307
-2230,-0,6127,-0,1805
-2225,-0,3433,-0,0591
-2220,-0,7714,-0,0301
-2215,-0,4611,-0,0897
-2210,-0,4958,-0,1502
-2205,-0,7253,-0,0688
-2200,-0,4778,-0,1948
-2195,-0,5369,-0,0020
-2190,-0,4755,0,0670
-2185,-0,6004,-0,1552
-2180,-0,5563,-0,1889
-2175,-0,4591,-0,0019
-2170,-0,5532,-0,2104
-2165,-0,3723,-0,2459
-2160,-0,4165,0,0321
-2155,-0,3801,0,1152
-2150,-0,5037,0,0058
-2145,-0,5309,-0,0998
-2140,-0,5484,-0,0456
-2135,-0,6468,-0,3431
-2130,-0,5125,-0,1438
-2125,-0,5404,0,0743
-2120,-0,3614,-0,1401
-2115,-0,4334,-0,0725
-2110,-0,4086,-0,1621
-2105,-0,4910,-0,0730
-2100,-0,5235,-0,1146
-2095,-0,5221,-0,0849
-2090,-0,5018,0,1181
-2085,-0,5629,-0,0055
-2080,-0,5168,-0,1997
-2075,-0,6483,-0,0028
-2070,-0,6554,-0,0376
-2030,-0,7628,0,7717
-2065,-0,3762,-0,2820
-2060,-0,5492,-0,0262
-2055,-0,5667,0,0035
-2010,-0,9290,0,7635
-2050,-0,4965,-0,1020
-2045,-0,5102,0,0863
-2040,-0,5021,-0,0886
-2035,-0,4865,-0,2006
-2025,-0,3623,0,0497
-2020,-0,4506,-0,0227
-2015,-0,5540,-0,3214
-2005,-0,4282,-0,1482
-2000,-0,4972,-0,0911
-1995,-0,3985,0,0241
-1990,-0,3474,0,1764
-1985,-0,5501,-0,0700
-1980,-0,4087,0,3002
-1975,-0,5000,-0,0002
-1970,-0,6457,-0,1790
-1965,-0,4138,-0,1191
-1960,-0,3916,-0,0900
-1955,-0,4335,0,0003
-1950,-0,6257,-0,1176
-1945,-0,2974,0,0097
-1940,-0,3706,-0,1983
-1935,-0,3068,0,1333
-1930,-0,2458,0,2099
-1925,-0,4223,-0,2314
-1920,-0,4388,-0,1283
-1915,-0,5728,-0,0492
-1910,-0,4636,0,0465
-1905,-0,3695,0,0789
-1900,-0,4316,0,0945
-1895,-0,4525,0,0832
-1890,-0,4481,0,1492
-1885,-0,5432,0,0194
-1880,-0,5450,-0,0014
-1875,-0,5283,-0,0022
-1870,-0,3824,-0,0670
-1865,-0,5394,-0,1014
-1860,-0,4050,-0,2346
-1855,-0,3614,-0,0493
-1850,-0,5126,0,1009
-1845,-0,5578,0,0045
-1840,-0,2617,0,0077
-1835,-0,3966,-0,0405
-1830,-0,4226,0,0872
-1825,-0,4589,-0,0063
-1820,-0,3595,0,0225
-1815,-0,5122,-0,0077
-1810,-0,4229,-0,2715
-1805,-0,4570,-0,0853
-1800,-0,3255,-0,1795
-1795,-0,5083,-0,1953
-1790,-0,2678,0,1362
-1785,-0,3491,-0,0754
-1780,-0,4848,-0,2772
-1775,-0,6423,-0,2042
-1770,-0,4022,-0,1205
-1765,-0,3544,-0,0138
-1760,-0,3789,-0,0391
-1755,-0,4840,-0,1829
-1750,-0,5987,-0,0837
-1745,-0,4281,0,0731
-1740,-0,5766,0,0061
-1735,-0,4018,-0,1806
-1730,-0,4295,-0,0074
-1725,-0,4568,0,0367
-1715,-0,3309,0,0895
-1720,-0,3898,-0,0932
-1710,-0,5015,-0,1745
-1705,-0,3624,0,2671
-1700,-0,5663,0,0164
-1695,-0,4444,0,0398
-1690,-0,4051,-0,0151
-1685,-0,2847,0,2712
-1680,-0,3423,-0,0747
-1675,-0,5019,-0,2387
-1670,-0,4455,-0,2073
-1665,-0,5036,-0,2004
-1660,-0,3282,-0,0156
-1655,-0,4599,-0,1072
-1650,-0,2794,0,2655
-1645,-0,3375,-0,1287
-1640,-0,4638,-0,1169
-1635,-0,3532,0,1215
-1630,-0,3136,-0,1167
-1625,-0,6489,0,0758
-1620,-0,3954,0,0237
-1615,-0,5108,-0,0223
-1610,-0,3192,0,0558
-1605,-0,3763,-0,1536
-1600,-0,4408,-0,0144
-1595,-0,4809,0,1074
-1590,-0,4961,0,0907
-1585,-0,3858,0,0369
-1580,-0,3606,-0,1669
-1575,-0,4266,-0,0397
-1570,-0,4910,-0,2284
-1565,-0,3696,-0,1010
-1560,-0,3834,-0,1361
-1555,-0,5297,-0,2254
-1550,-0,3980,-0,0615
-1545,-0,3904,-0,1377
-1540,-0,4304,-0,0343
-1535,-0,4120,-0,1540
-1530,-0,5360,0,0847
-1525,-0,2971,0,2510
-1520,-0,2493,0,1780
-1515,-0,3132,0,0957
-1510,-0,4413,-0,2353
-1505,-0,3402,0,1300
-1500,-0,4546,-0,0807
-1495,-0,3700,-0,1765
-1490,-0,6618,-0,0963
-1485,-0,4747,-0,0667
-1475,-0,5286,-0,0477
-1480,-0,3412,-0,0147
-1470,-0,2279,-0,0648
-1465,-0,4090,-0,0443
-1460,-0,5121,-0,2123
-1455,-0,3743,-0,0661
-1450,-0,3143,0,1739
-1445,-0,3147,0,0795
-1435,-0,4529,0,0255
-1440,-0,2510,0,0559
-1430,-0,5587,-0,1583
-1425,-0,5550,-0,0003
-1420,-0,4112,-0,1332
-1415,-0,3712,0,0163
-1410,-0,2588,-0,0387
-1405,-0,3513,-0,0439
-1395,-0,3859,-0,0274
-1400,-0,3590,-0,0392
-1390,-0,4087,0,0684
-1385,-0,4536,-0,0797
-1380,-0,4058,-0,0241
-1375,-0,2813,0,3257
-1370,-0,4098,0,0046
-1365,-0,2638,0,1173
-1360,-0,3807,-0,0110
-1355,-0,3584,-0,0098
-1350,-0,2538,-0,0047
-1345,-0,5445,0,0697
-1340,-0,4195,0,0740
-1335,-0,3143,0,1833
-1330,-0,4744,-0,0056
-1325,-0,3424,0,2234
-1320,-0,3627,-0,1169
-1315,-0,3920,-0,1818
-1305,-0,4622,0,0418
-1310,-0,4065,-0,2804
-1300,-0,3342,0,0513
-1295,-0,4547,-0,0921
-1290,-0,3378,0,0139
-1285,-0,3019,-0,0573
-1280,-0,3408,-0,0244
-1275,-0,3671,0,0524
-1270,-0,2046,0,2854
-1265,-0,4499,-0,0598
-1260,-0,4764,-0,1516
-1255,-0,3961,-0,0091
-1250,-0,3270,0,2305
-1245,-0,2066,-0,0643
-1235,-0,4130,-0,1666
-1240,-0,3692,-0,1411
-1230,-0,5085,-0,1556
-1225,-0,3296,0,0324
-1220,-0,4588,-0,1253
-1215,-0,3541,0,1209
-1210,-0,3002,0,2339
-1205,-0,4609,0,0513
-1200,-0,4104,0,0009
-1195,-0,3448,-0,1065
-1190,-0,3760,0,0504
-1185,-0,3020,0,1230
-1180,-0,3375,0,0224
-1175,-0,2980,-0,1044
-1170,-0,4258,0,0799
-1165,-0,3809,-0,1544
-1160,-0,3969,0,0227
-1155,-0,4895,-0,0016
-1150,-0,3132,0,0450
-1145,-0,3302,0,1111
-1140,-0,3362,-0,1016
-1135,-0,2523,0,0243
-1130,-0,2807,0,0344
-1125,-0,3429,-0,1988
-1115,-0,4099,0,0544
-1120,-0,2941,-0,0127
-1110,-0,3824,0,0071
-1105,-0,1856,0,0727
-1100,-0,2105,0,2564
-1095,-0,3364,-0,0911
-1090,-0,2862,-0,0024
-1085,-0,4748,0,0017
-1075,-0,3447,0,0369
-1080,-0,3267,-0,1737
-1070,-0,3592,-0,0301
-1065,-0,2534,-0,0575
-1060,-0,3020,0,0730
-1055,-0,3444,0,1840
-1050,-0,2216,0,2954
-1015,-0,9960,0,7535
-1005,-0,9704,0,8271
-1045,-0,3253,0,0567
-1040,-0,3796,0,0468
-1035,-0,4190,0,0056
-1030,-0,4508,-0,0737
-1025,-0,4000,-0,1564
-1020,-0,4198,-0,0307
-1010,-0,3776,0,0135
-1000,-0,3630,-0,0164
-995,-0,1976,0,0088
-985,-0,3558,0,0461
-990,-0,3262,0,0398
-980,-0,3013,0,1753
-975,-0,4145,0,1367
-970,-0,4621,0,1164
-965,-0,3116,0,0087
-960,-0,2371,0,0040
-955,-0,2727,-0,1081
-945,-0,3237,0,1620
-950,-0,3132,0,2513
-940,-0,3749,-0,1742
-935,-0,4588,0,0262
-930,-0,2719,0,3532
-925,-0,4000,-0,0435
-920,-0,2720,0,1560
-915,-0,2568,0,0031
-905,-0,1467,0,1503
-910,-0,3866,0,1939
-900,-0,2658,0,0547
-895,-0,4507,-0,0485
-890,-0,4072,-0,1139
-885,-0,3535,-0,0321
-880,-0,2693,-0,0455
-875,-0,3250,-0,0516
-865,-0,2615,0,2309
-870,-0,3010,0,0626
-860,-0,3416,-0,1218
-855,-0,2279,-0,0165
-850,-0,2877,-0,0277
-845,-0,3290,-0,1750
-840,-0,1722,-0,0914
-835,-0,2738,0,2282
-830,-0,0841,0,1267
-825,-0,2396,-0,0008
-820,-0,3039,0,1982
-815,-0,3851,-0,0354
-810,-0,3948,0,0136
-805,-0,2537,0,0254
-800,-0,3398,-0,0842
-795,-0,3851,-0,0714
-790,-0,3758,0,1407
-785,-0,2638,-0,1056
-780,-0,2363,-0,0074
-775,-0,2539,0,1975
-770,-0,2905,-0,0135
-765,-0,3313,0,1516
-760,-0,2792,0,0093
-755,-0,2612,0,1406
-750,-0,4106,-0,1023
-745,-0,3171,0,0458
-740,-0,2839,0,1391
-735,-0,2443,-0,0397
-730,-0,2060,0,1601
-725,-0,2717,0,0271
-720,-0,2244,0,1082
-715,-0,2049,0,1713
-710,-0,2840,-0,0493
-705,-0,2466,0,1196
-700,-0,3166,0,0115
-695,-0,2967,-0,0640
-690,-0,3060,0,1758
-685,-0,2300,0,1418
-680,-0,2691,0,0781
-675,-0,2874,0,0097
-670,-0,2490,0,2330
-665,-0,2525,-0,0603
-660,-0,3232,0,0179
-655,-0,2572,0,1717
-650,-0,4438,0,0156
-645,-0,2362,0,1689
-640,-0,2598,0,1205
-635,-0,1763,0,2793
-630,-0,2015,0,1090
-625,-0,1416,0,3854
-620,-0,1441,0,0483
-615,-0,3213,-0,0839
-610,-0,2299,0,1303
-605,-0,5213,0,1602
-600,-0,3059,-0,0218
-595,-0,1951,0,1414
-590,-0,2152,0,2732
-585,-0,3454,0,0105
-580,-0,2144,0,0541
-575,-0,2336,0,1596
-570,-0,3150,0,2032
-565,-0,2407,-0,1180
-560,-0,1753,0,0198
-555,-0,1826,0,0434
-550,-0,1881,0,0604
-545,-0,2596,0,0598
-540,-0,2873,0,0791
-535,-0,3274,-0,0543
-530,-0,5704,0,1523
-525,-0,3875,0,1023
-520,-0,4508,0,0275
-515,-0,5469,0,0409
-510,-0,2499,0,1494
-505,-0,3200,0,1815
-500,-0,3442,0,1414
-495,-0,1248,0,1360
-490,-0,1015,0,1982
-485,-0,1899,0,1908
-480,-0,1427,0,1449
-475,-0,3163,0,3495
-470,-0,1278,0,0890
-465,-0,3033,-0,0279
-460,-0,2158,0,0425
-455,-0,2091,0,2369
-450,-0,2778,0,0132
-445,0,0027,0,1669
-440,-0,4650,0,0968
-435,-0,2202,0,0479
-430,-0,1888,0,0389
-425,-0,2869,0,0263
-420,-0,2672,0,0714
-415,-0,2958,-0,0678
-410,-0,2266,-0,0060
-405,-0,2126,0,3110
-400,-0,2095,0,1610
-395,-0,1472,0,2877
-385,-0,3248,0,1410
-390,-0,3360,0,0657
-380,-0,1996,0,1555
-375,-0,3183,0,0048
-370,-0,2190,0,0187
-365,-0,3203,-0,0884
-360,-0,0987,0,2922
-355,-0,1965,0,0505
-345,-0,1332,0,1001
-350,-0,2014,0,0403
-340,-0,2931,0,0565
-335,-0,1932,0,0048
-330,-0,1116,0,2666
-325,-0,1777,0,2631
-320,-0,3525,0,0841
-315,-0,1766,0,0732
-310,-0,2231,0,2674
-305,-0,1411,0,0538
-300,-0,2545,0,2482
-295,-0,2478,0,0602
-290,-0,1532,0,2228
-285,-0,4001,0,1000
-280,-0,1660,-0,0156
-275,-0,1072,0,1573
-270,-0,1937,0,0032
-265,-0,3456,0,0266
-260,-0,2159,0,1183
-255,-0,1579,0,2071
-250,-0,1332,0,3091
-245,-0,2028,0,1889
-240,-0,4092,0,0190
-235,-0,1483,0,1636
-225,-0,2775,0,1719
-230,-0,2265,-0,0189
-220,-0,1049,0,0695
-215,-0,1208,0,3368
-210,-0,1988,0,0782
-205,-0,3201,0,1281
-200,-0,1832,0,0334
-195,-0,1897,0,2216
-190,-0,2220,-0,0454
-185,-0,0771,0,3214
-180,-0,2814,0,1366
-175,-0,2725,0,0645
-170,-0,1837,0,3658
-165,-0,0553,0,2977
-160,-0,0924,0,1140
-155,-0,1342,0,2227
-145,-0,0343,0,1874
-150,-0,2894,0,0381
-140,-0,1654,0,1949
-135,-0,3396,-0,0068
-130,-0,1347,0,2604
-125,-0,1270,0,2537
-120,-0,0389,0,0770
-115,-0,1978,0,1376
-110,-0,0961,0,1968
-105,-0,1220,0,0587
-100,-0,1836,0,4936
-95,-0,1689,0,0975
-90,-0,2131,0,1227
-85,-0,1353,0,1515
-80,-0,1030,0,1312
-75,-0,1595,0,1519
-70,-0,2350,0,0459
-65,-0,1159,0,0736
-60,-0,2135,0,1903
-55,-0,0666,0,4817
-50,-0,1904,0,1985
-45,-0,0980,0,1559
-40,-0,2150,0,0967
-35,-0,1654,0,2769
-30,-0,0807,0,0345
-25,-0,0220,0,2162
-20,-0,2050,0,2207
-15,-0,1253,0,1895
-10,-0,2029,0,1205
-5,-0,1986,0,0403
0,-0,1964,0,1220
5,-0,0693,0,1642
10,-0,0057,0,2697
15,-0,2032,0,1000
20,-0,1254,0,1848
25,-0,0259,0,2476
30,-0,0448,0,2155
35,-0,2631,0,0645
40,-0,1337,0,1504
45,-0,2062,0,1302
50,-0,1285,0,0663
55,-0,1169,0,2885
60,-0,2681,0,0856
65,-0,2067,0,2446
70,-0,0540,0,1127
75,-0,1711,0,1623
80,-0,1097,0,1623
85,-0,0867,0,3082
90,-0,1268,0,2275
95,0,0257,0,1644
100,-0,1244,0,1649
105,-0,1418,0,2253
110,-0,2393,0,1560
115,-0,0796,0,2369
120,-0,2166,0,0321
125,0,0702,0,2890
130,-0,1672,0,1036
135,-0,1267,0,0598
140,-0,1668,0,2991
145,-0,2191,0,1761
150,-0,0683,0,3832
155,-0,1362,0,2568
160,-0,0725,0,1789
165,-0,2685,0,3048
170,-0,1651,0,2521
175,-0,1648,0,1980
180,-0,1030,0,2206
185,-0,1731,0,2925
190,-0,0173,0,4603
195,-0,1102,0,1600
200,-0,0861,0,2750
205,-0,0919,0,2172
210,0,0086,0,2618
215,-0,1578,0,0747
220,-0,1569,0,2740
225,-0,0641,0,3792
230,-0,1044,0,1338
235,-0,0996,0,2499
240,-0,1159,0,1586
245,-0,0339,0,3056
250,-0,0953,0,1128
255,-0,0687,0,1126
260,-0,1613,0,1521
265,-0,0385,0,1391
270,-0,1358,0,1577
275,-0,1643,0,1877
280,-0,0494,0,2803
285,-0,0270,0,1826
290,-0,0067,0,3715
295,-0,0004,0,1607
300,-0,0157,0,4070
305,-0,1331,0,1137
310,0,0130,0,4234
315,-0,1613,0,1161
320,-0,2265,0,1806
325,-0,1917,0,1986
330,-0,0574,0,3171
335,-0,1158,0,2070
340,-0,0852,0,2019
345,-0,0537,0,2636
350,-0,1599,0,1320
355,-0,0858,0,1930
360,-0,0780,0,1945
365,-0,0452,0,2118
370,-0,0694,0,1908
375,-0,0439,0,2427
380,-0,0105,0,2299
385,-0,0946,0,2225
390,-0,2670,0,2338
395,-0,1784,0,3327
400,-0,1489,0,1120
405,-0,0196,0,2072
410,-0,0390,0,1949
415,-0,2062,0,2344
420,-0,0030,0,2388
425,-0,2024,0,2918
430,-0,1131,0,1602
435,-0,1602,0,2167
440,-0,2405,0,2745
445,0,0713,0,2262
450,0,0507,0,1575
455,0,0522,0,2583
460,-0,0646,0,0426
465,-0,0862,0,3361
470,-0,0135,0,3232
475,0,0272,0,3970
480,-0,0477,0,1957
485,-0,1476,0,1276
490,-0,2588,0,1495
495,-0,0742,0,2516
500,-0,1792,0,4668
505,-0,1651,0,3386
510,-0,1243,0,1506
515,0,0002,0,2637
520,-0,1796,0,2735
525,-0,2106,0,2806
530,-0,2136,0,2045
535,-0,0829,0,1160
540,-0,1198,0,2286
545,-0,0691,0,2766
550,-0,0915,0,1634
555,-0,0363,0,2372
565,-0,0794,0,2227
560,-0,0356,0,1522
570,-0,0952,0,2465
575,-0,2613,0,1420
580,-0,0405,0,3310
585,-0,0995,0,2566
590,-0,0204,0,4387
595,-0,1320,0,3545
600,-0,1387,0,1548
605,0,0535,0,3669
610,-0,0711,0,2283
615,0,0557,0,3079
620,-0,0408,0,1908
625,-0,1311,0,2327
630,-0,2440,0,1618
635,-0,0580,0,3030
645,-0,2165,0,0520
640,-0,0177,0,4249
650,-0,0323,0,1873
655,-0,1343,0,2356
660,0,1284,0,3926
665,-0,1070,0,2661
670,0,0479,0,2707
675,-0,0846,0,2556
680,0,1158,0,2470
685,-0,0494,0,3372
690,0,0111,0,2652
695,-0,0613,0,2963
700,-0,0635,0,4638
705,-0,2012,0,4502
710,-0,0659,0,2263
715,0,0810,0,2932
720,-0,3860,0,1743
725,-0,1072,0,2269
730,0,0718,0,2723
735,-0,3173,0,1357
745,-0,1072,0,3773
740,0,0417,0,3904
750,0,0685,0,3821
755,-0,0718,0,1806
760,0,0069,0,2351
765,-0,0202,0,5068
775,0,0352,0,5247
770,-0,1135,0,3639
780,0,0135,0,1681
785,-0,0793,0,3641
790,0,0812,0,2156
795,-0,1646,0,4433
800,0,0025,0,3600
805,-0,0365,0,2745
810,-0,0972,0,2996
815,-0,3733,0,2101
820,-0,1139,0,2338
825,-0,0337,0,2276
830,0,1026,0,3677
835,0,0425,0,3284
840,0,0418,0,2386
845,-0,1536,0,2588
850,0,0005,0,3000
855,0,0204,0,2469
860,-0,2075,0,2381
865,-0,0969,0,2840
870,0,1025,0,3634
875,-0,0069,0,2904
880,-0,0497,0,2134
885,0,0250,0,6000
890,-0,0288,0,2329
895,0,0630,0,3200
900,0,0923,0,2787
905,-0,1756,0,3201
910,0,0653,0,3504
915,0,0409,0,2758
920,0,0061,0,3331
925,-0,0303,0,2569
935,-0,1472,0,3715
930,-0,0491,0,3058
940,-0,0866,0,2799
945,0,0131,0,3229
950,-0,0216,0,3999
955,-0,0038,0,2743
960,-0,0041,0,4534
965,-0,2203,0,2851
1005,-0,8505,0,9346
975,0,0327,0,2726
970,-0,0014,0,2315
1015,-0,6324,0,9843
980,0,0337,0,3584
985,-0,1703,0,3982
990,-0,2503,0,2068
995,-0,0077,0,2769
1000,-0,0716,0,3887
1010,0,0016,0,3285
1020,0,0010,0,5631
1025,-0,2247,0,2100
1030,-0,0109,0,3716
1035,0,0708,0,2536
1040,-0,0021,0,5590
1045,0,0319,0,2256
1050,-0,0013,0,2325
1055,-0,0612,0,1960
1060,-0,0136,0,4280
1065,0,1077,0,3567
1070,-0,0094,0,4138
1075,0,1247,0,5042
1080,-0,1467,0,2589
1085,-0,0506,0,3685
1090,0,0266,0,3405
1095,-0,0009,0,4655
1100,-0,0071,0,4250
1105,-0,1063,0,3502
1110,-0,0737,0,3310
1115,0,0444,0,2982
1120,0,0497,0,4941
1125,-0,1438,0,3413
1130,-0,0852,0,1719
1135,-0,0887,0,3248
1140,0,1072,0,3310
1145,-0,0176,0,4208
1150,-0,1691,0,3280
1155,-0,1298,0,3803
1160,-0,0526,0,4242
1165,-0,0742,0,2629
1170,0,0587,0,3449
1175,-0,0779,0,3144
1180,-0,0931,0,2904
1185,0,1136,0,3787
1190,-0,0576,0,3179
1195,0,1236,0,4516
1200,0,0565,0,4224
1205,0,0424,0,4174
1210,-0,0085,0,3169
1215,-0,0003,0,2525
1220,0,1092,0,4475
1225,0,0125,0,2732
1230,0,1048,0,3459
1235,0,1220,0,2802
1240,-0,0316,0,3575
1245,-0,0070,0,3151
1250,-0,0298,0,3750
1255,-0,0893,0,2594
1260,-0,0432,0,3490
1265,-0,0486,0,5332
1270,-0,1810,0,3978
1275,-0,3002,0,2822
1280,0,0023,0,5680
1285,0,1257,0,4682
1290,-0,1725,0,2939
1295,0,1286,0,2968
1305,-0,2178,0,2371
1300,-0,1228,0,3384
1310,-0,0323,0,4336
1315,0,2132,0,3872
1320,-0,1511,0,3284
1325,0,1632,0,4108
1330,-0,1257,0,3931
1335,0,0315,0,3002
1345,-0,0230,0,2518
1340,-0,0068,0,3428
1350,0,0812,0,2242
1355,-0,1725,0,2860
1360,-0,0524,0,3802
1365,-0,0003,0,5208
1370,0,0024,0,2606
1375,-0,0164,0,3712
1380,0,1086,0,4182
1385,-0,2099,0,2870
1390,-0,0101,0,2868
1395,-0,0890,0,2163
1400,-0,0206,0,3829
1405,0,2060,0,4964
1410,-0,0603,0,3201
1415,0,0158,0,4780
1420,-0,0728,0,4613
1425,0,1811,0,4228
1430,-0,0359,0,3599
1435,0,0939,0,4074
1440,-0,0535,0,5141
1445,-0,0593,0,4143
1450,0,0695,0,3628
1455,-0,0186,0,3568
1460,0,0011,0,3292
1465,0,0005,0,4766
1470,-0,0006,0,4478
1475,-0,0871,0,4385
1480,-0,0266,0,2158
1485,-0,1369,0,4424
1490,0,1893,0,3874
1495,0,2210,0,4186
1500,0,0607,0,3325
1505,0,0697,0,3489
1510,-0,0037,0,3961
1515,0,1192,0,5592
1520,0,0038,0,3800
1525,-0,0696,0,3578
1530,-0,1619,0,4245
1535,0,0223,0,3910
1540,0,0496,0,4157
1545,0,1971,0,3499
1550,-0,1847,0,1616
1555,-0,0239,0,5461
1560,-0,0190,0,3687
1565,-0,0711,0,4281
1570,-0,0006,0,4014
1575,-0,1077,0,3434
1580,0,0904,0,5081
1585,0,0597,0,3390
1590,0,2477,0,4424
1595,0,0638,0,4668
1600,-0,0037,0,5797
1605,0,1695,0,5223
1610,-0,0621,0,4308
1615,0,0835,0,5673
1620,-0,0716,0,4636
1625,0,1851,0,5607
1630,0,0003,0,5389
1635,0,0691,0,3753
1640,0,0414,0,3678
1645,0,1204,0,4006
1650,-0,0388,0,3529
1655,0,0529,0,5413
1665,0,0557,0,3604
1660,0,2068,0,4123
1670,0,0168,0,5167
1675,0,0547,0,2968
1680,-0,0021,0,5303
1685,0,0135,0,2806
1690,0,0670,0,4388
1695,-0,1322,0,2759
1700,-0,0202,0,4805
1705,0,0175,0,4371
1710,0,0918,0,3558
1715,0,1732,0,4253
1720,0,0427,0,3528
1725,0,0369,0,6691
1730,-0,0832,0,3787
1735,0,1531,0,4515
1740,0,0134,0,4671
1745,0,1113,0,4711
1750,0,2848,0,5884
1755,-0,0088,0,6130
1760,0,1179,0,3911
1765,0,1351,0,6086
1770,0,0606,0,4907
1775,0,1935,0,4364
1780,0,1657,0,4574
1785,0,1990,0,3646
1790,-0,0932,0,3915
1795,-0,0100,0,3660
1800,0,0679,0,4115
1805,0,0031,0,5041
1810,0,1774,0,4713
1815,0,2684,0,4244
1820,0,1916,0,4359
1825,0,1210,0,3382
1830,-0,2477,0,4720
1835,0,0606,0,4163
1840,0,1093,0,3250
1845,0,1869,0,4393
1850,0,2600,0,4473
1855,0,0622,0,2978
1860,-0,1060,0,3573
1865,0,0465,0,3899
1870,0,0220,0,4442
1875,-0,0990,0,6793
1880,-0,0400,0,3315
1885,0,1958,0,6660
1890,0,0108,0,4717
1895,-0,0258,0,4502
1900,0,1342,0,4176
1905,0,1270,0,5211
1910,0,2617,0,5549
1915,0,1820,0,3644
1920,0,0582,0,4858
1925,-0,2313,0,2313
1930,0,1179,0,4559
1935,0,0837,0,3661
1940,0,0864,0,4286
1945,0,0041,0,4211
1950,-0,0468,0,5178
1955,0,1603,0,6697
1960,0,2239,0,3914
1965,0,0998,0,3593
1970,0,2753,0,4666
2010,-0,7681,0,8697
1975,-0,0039,0,5698
1980,-0,0037,0,5372
1985,-0,1855,0,4813
2030,-0,5847,0,9278
1990,-0,1020,0,2123
1995,0,2181,0,6516
2000,-0,0079,0,5258
2005,0,1066,0,5254
2015,0,2344,0,4391
2020,-0,0212,0,4955
2025,-0,1065,0,4804
2035,-0,2426,0,3885
2040,0,2017,0,5106
2045,0,0873,0,4196
2050,0,0269,0,5380
2055,0,1242,0,2450
2060,0,2193,0,4258
2065,-0,0119,0,4184
2070,0,0157,0,5823
2075,0,0433,0,6488
2080,-0,3713,0,2586
2085,-0,0300,0,6327
2090,0,0577,0,5967
2095,0,1176,0,4731
2100,0,0955,0,5749
2105,0,2687,0,5290
2110,-0,0068,0,5868
2115,-0,1293,0,3823
2120,0,0201,0,4169
2125,-0,0513,0,4577
2130,-0,0041,0,5223
2135,0,3979,0,5046
2140,0,0321,0,3536
2145,0,2785,0,5621
2150,0,0309,0,5504
2155,-0,0026,0,4937
2160,0,0087,0,4113
2165,-0,0194,0,4888
2170,0,0760,0,5856
2175,0,0451,0,4254
2180,0,1429,0,5298
2185,0,2532,0,4461
2190,0,1017,0,6153
2195,-0,2016,0,3822
2200,0,2057,0,4857
2205,0,0799,0,6406
2210,0,1315,0,4546
2215,0,2445,0,5870
2220,0,2669,0,4751
2225,0,1589,0,5816
2230,0,1338,0,4597
2235,0,2653,0,5880
2240,0,2337,0,5682
2245,0,0859,0,5319
2250,0,0182,0,2427
2255,0,1736,0,7132
2260,0,1029,0,4776
2265,-0,0539,0,2704
2270,-0,0185,0,5913
2275,0,2346,0,5089
2280,0,2111,0,5081
2285,0,1529,0,4280
2290,0,2132,0,6058
2295,0,0403,0,4645
2300,0,1180,0,5254
2305,0,0055,0,4062
2315,0,2441,0,6516
2310,0,0057,0,5597
2320,-0,0229,0,5850
2325,0,0929,0,5259
2330,0,0354,0,5594
2335,0,2919,0,4803
2340,0,0009,0,5615
2345,0,1665,0,4363
2350,0,0693,0,3240
2355,0,3260,0,6165
2360,0,0561,0,6708
2365,0,2291,0,5527
2370,0,2166,0,4782
2375,-0,0137,0,4941
2380,0,2910,0,5023
2385,-0,0044,0,5529
2390,0,0819,0,6772
2395,0,2381,0,4630
2400,0,0062,0,5098
2405,0,0754,0,4599
2410,0,1473,0,5771
2415,0,2051,0,4418
2420,-0,0837,0,4775
2425,0,2994,0,5291
2430,-0,1914,0,3740
2435,0,1109,0,5816
2440,0,0991,0,4523
2445,-0,0498,0,5587
2450,0,0946,0,3825
2455,0,2845,0,5111
2460,0,1707,0,5850
2465,-0,0161,0,4139
2470,0,1937,0,5564
2475,0,1053,0,5818
2485,0,0078,0,4398
2480,0,2365,0,4616
2490,-0,0909,0,5761
2495,-0,0773,0,4277
2505,0,2536,0,6563
2500,-0,3239,0,3937
2510,0,1127,0,4929
2515,0,0182,0,7117
2520,-0,1844,0,5062
2525,0,3294,0,6592
2530,0,0179,0,6481
2535,0,0011,0,5712
2540,0,2617,0,6402
2545,0,0719,0,4549
2550,0,1613,0,4975
2555,-0,2733,0,2533
2560,0,2060,0,5662
2565,0,0063,0,4944
2570,0,1171,0,6033
2575,-0,1367,0,4978
2580,0,2523,0,5840
2585,0,0740,0,4703
2590,-0,0057,0,4786
2595,-0,0858,0,6081
2600,0,0643,0,4868
2605,0,1895,0,5698
2610,0,1203,0,4507
2615,0,0684,0,6423
2620,-0,0548,0,5835
2625,0,0245,0,7070
2630,0,1616,0,5152
2635,0,0131,0,7679
2640,0,1483,0,4519
2645,-0,0630,0,5108
2650,-0,0853,0,5013
2655,0,0031,0,5977
2665,-0,2983,0,4157
2660,-0,0109,0,6122
2670,0,3095,0,6114
2675,-0,0005,0,5947
2680,0,1736,0,4216
2685,0,3411,0,4654
2690,0,1561,0,5298
2695,-0,0113,0,5362
2700,-0,2500,0,6150
2705,0,0000,0,4145
2710,0,0563,0,3655
2715,0,1793,0,5224
2720,0,0337,0,5834
2725,0,3491,0,7006
2730,0,1902,0,5243
2735,0,2490,0,5400
2740,0,1920,0,5176
2745,0,0638,0,6173
2750,0,1801,0,6443
2755,0,0252,0,6215
2760,0,0022,0,6323
2765,0,1367,0,6097
2770,0,2324,0,5336
2775,-0,2221,0,4562
2780,0,1248,0,5682
2785,0,0269,0,5345
2790,0,0282,0,4206
2795,0,3078,0,4578
2800,-0,3625,0,3097
2805,0,0487,0,6147
2810,0,0000,0,5696
2815,0,0093,0,5319
2820,0,0116,0,5635
2825,0,0116,0,3828
2835,-0,1275,0,4152
2830,-0,1868,0,4399
2840,0,0796,0,4309
2845,0,1064,0,7137
2850,0,0537,0,5323
2855,-0,4315,0,4555
2865,0,0644,0,5170
2860,0,3097,0,6529
2870,0,0255,0,6183
2875,0,4107,0,5601
2885,0,1243,0,4071
2880,-0,1216,0,3731
2890,0,0691,0,5424
2895,0,2679,0,7113
2900,0,0154,0,4908
2905,0,0428,0,5036
2915,0,2264,0,6491
2910,0,0004,0,5478
2920,0,1932,0,5498
2925,0,2334,0,7180
2930,0,1326,0,3718
2935,0,2918,0,6699
2940,0,1096,0,6348
2945,0,3592,0,5526
2955,0,0489,0,5102
2950,-0,1399,0,4149
2960,-0,0473,0,3958
2965,0,2735,0,6659
2970,0,0101,0,6124
2980,0,1356,0,5587
2975,-0,1661,0,4872
2985,0,1909,0,5058
2990,0,3582,0,5506
2995,0,4061,0,6166
3000,0,0994,0,4823
3005,0,0872,0,4777
3010,-0,2376,0,3706
3015,0,0852,0,4470
3020,0,3042,0,4859
3025,0,3504,0,6864
3030,0,1206,0,5728
3035,0,4609,0,5804
3040,-0,1721,0,5421
3045,-0,4672,0,3838
3050,0,4230,0,7186
3055,0,1864,0,6172
3060,0,3514,0,6754
3065,0,1657,0,5646
3070,-0,3318,0,4866
3075,0,0741,0,5544
3080,0,2181,0,5564
3085,0,4115,0,6461
3090,-0,1208,0,4087
3095,-0,3167,0,4102
3100,-0,1970,0,6263
3105,0,1407,0,5426
3110,-0,1244,0,5159
3115,0,2228,0,6929
3120,0,0241,0,6031
3125,-0,1371,0,6092
3130,0,3385,0,5210
3135,0,3344,0,6849
3140,0,0180,0,6357
3145,0,0000,0,6057
3150,0,0686,0,5410
3155,-0,2232,0,5495
3160,-0,0468,0,6399
3165,0,0379,0,5399
3170,0,0730,0,5882
3175,0,0365,0,6330
3180,-0,0171,0,5900
3185,-0,0599,0,5843
3190,-0,0044,0,5685
3195,0,0785,0,4654
3200,-0,1528,0,6087
3205,0,3071,0,5960
3210,-0,1332,0,5280
3215,0,3288,0,5470
3220,-0,1409,0,3183
3225,0,0039,0,4981
3230,-0,0121,0,5774
3235,-0,0263,0,4454
3240,0,0662,0,6785
3245,0,1225,0,6340
3260,0,0925,0,5162
3250,0,1042,0,7350
3255,0,0896,0,4939
3265,0,1834,0,6351
3270,0,2863,0,4689
3275,0,1085,0,4390
3280,0,0004,0,4649
3285,0,3485,0,5553
3290,0,1235,0,6769
3300,0,0673,0,6099
3295,0,0956,0,4613
3305,0,2679,0,5678
3310,-0,0141,0,6315
3315,-0,2851,0,3970
3320,-0,0367,0,3713
3325,0,0192,0,6214
3340,0,0787,0,4668
3335,-0,0201,0,4732
3330,-0,1832,0,5585
3345,0,3163,0,6955
3350,0,0016,0,5640
3355,-0,0992,0,5965
3360,-0,0916,0,6847
3365,0,1743,0,5598
3370,-0,2497,0,5339
3375,0,2089,0,6475
3380,0,1607,0,4947
3385,-0,0067,0,4079
3390,0,2078,0,5558
3395,0,2554,0,6639
3400,0,0058,0,5324
3405,0,1455,0,7034
3410,0,2076,0,6074
3415,-0,1048,0,5409
3420,0,2246,0,7541
3425,0,0027,0,5826
3430,0,0945,0,4915
3435,0,0538,0,5955
3440,-0,0837,0,5656
3450,0,0498,0,3338
3445,-0,0103,0,5201
3460,0,1393,0,6358
3455,0,0176,0,5916
3465,-0,2474,0,3947
3470,0,0055,0,6036
3475,0,0197,0,6340
3480,0,0052,0,6841
3485,0,2453,0,5573
3490,-0,0220,0,6403
3495,0,0018,0,5411
3500,0,4773,0,6632
3505,0,0792,0,6478
3510,-0,1107,0,5151
3515,0,1312,0,6088
3520,0,0881,0,5627
3525,0,0790,0,4551
3530,0,1439,0,6467
3535,-0,0095,0,5527
3540,0,0614,0,7615
3545,-0,2791,0,5527
3550,0,2901,0,6527
3555,0,0115,0,2309
3560,0,0573,0,4828
3565,0,2805,0,6765
3570,0,0204,0,5179
3575,0,1745,0,4812
3585,-0,1882,0,4167
3580,0,0715,0,5756
3590,0,2804,0,5702
3595,0,3665,0,6566
3600,0,2212,0,5029
3605,0,0895,0,5316
3610,0,0004,0,4607
3615,0,3465,0,6773
3620,0,0327,0,5788
3625,-0,0783,0,4163
3630,-0,0208,0,6337
3635,0,2013,0,5052
3640,0,0124,0,4705
3645,0,4052,0,5831
3650,0,1099,0,5194
3655,-0,1928,0,6252
3660,0,3625,0,4810
3665,0,1029,0,6467
3675,0,1267,0,6275
3670,0,0000,0,4836
3680,0,0020,0,6377
3685,0,0242,0,6817
3690,0,2923,0,4875
3695,0,0108,0,7746
3700,0,3113,0,7281
3705,-0,0737,0,6405
3710,0,0642,0,6113
3715,0,3338,0,6625
3720,-0,0437,0,4931
3725,0,1658,0,6555
3730,0,1374,0,4430
3740,0,0379,0,7136
3735,0,4160,0,6314
3745,0,0885,0,6841
3750,0,0315,0,5424
3755,0,2837,0,7176
3760,0,0516,0,7701
3765,-0,1601,0,4985
3770,0,1026,0,7854
3775,0,0652,0,6167
3780,-0,0032,0,6588
3785,0,0143,0,6260
3790,-0,0085,0,3887
3795,0,0916,0,5069
3800,0,0060,0,6662
3805,0,3564,0,7301
3820,0,0010,0,5700
3810,0,0582,0,4860
3815,0,1642,0,7221
3825,0,0392,0,5692
3830,0,4093,0,7455
3840,-0,4148,0,4189
3835,0,2938,0,6277
3845,-0,1189,0,6032
3850,-0,1683,0,3970
3860,0,0258,0,6411
3855,0,3282,0,6539
3865,0,1712,0,5813
3870,0,3004,0,6973
3875,0,0418,0,4203
3880,0,0441,0,5500
3900,-0,1493,0,4626
3885,0,2743,0,5021
3890,0,1611,0,7045
3895,0,1253,0,6290
3905,0,2281,0,6636
3910,0,0580,0,6464
3915,0,3807,0,5170
3920,0,2923,0,6859
3935,-0,2538,0,3372
3930,-0,1500,0,2999
3925,-0,0238,0,7460
3940,0,0082,0,7629
3945,0,0585,0,5496
3950,-0,0466,0,5783
3955,0,2956,0,4615
3960,0,0613,0,4929
3970,0,2572,0,6242
3965,0,0033,0,5672
3975,0,3820,0,6321
4015,-0,9589,0,6876
4020,-0,9886,0,6421
3980,0,5220,0,6968
3985,0,0010,0,7184
3990,0,0543,0,6129
3995,0,0506,0,8015
4000,0,3972,0,6783
4005,-0,1625,0,5300
4055,-0,8079,0,9953
4060,-0,8836,0,4906
4010,0,1262,0,6808
4030,-0,0632,0,4665
4025,0,0042,0,6306
4035,0,0500,0,5520
4040,0,0534,0,6941
4045,0,1170,0,4835
4095,-0,7637,0,6328
4050,0,0398,0,6349
4065,0,0117,0,4686
4070,0,1777,0,5125
4075,0,2277,0,4610
4080,0,3466,0,6925
4085,0,2984,0,6855
4090,0,1918,0,5587
4115,-0,0486,0,6537
4100,0,0115,0,6032
4110,0,2665,0,5145
4105,-0,0402,0,5554
4120,0,0010,0,5625
4125,0,2374,0,6797
4135,0,1723,0,4512
4130,-0,1317,0,4994
4145,0,0957,0,5088
4155,0,1681,0,5145
4140,-0,0006,0,5337
4150,0,1849,0,6651
4160,-0,0970,0,6918
4165,0,2973,0,7344
4170,0,4554,0,6374
4175,0,1671,0,7004
4185,0,1775,0,6797
4180,0,0276,0,5314
4195,0,0857,0,5638
4190,0,0931,0,6321
4200,-0,0348,0,6211
4210,0,0005,0,7398
4205,0,2108,0,7304
4215,0,0000,0,5603
4220,0,0864,0,7934
4225,0,0378,0,6594
4240,0,0919,0,6277
4235,0,3580,0,6022
4230,0,1856,0,6357
4255,-0,3193,0,3544
4250,0,1227,0,5690
4245,0,1568,0,6077
4260,0,2323,0,5660
4270,-0,0213,0,4877
4265,0,0497,0,6572
4275,0,2336,0,6534
4280,0,0116,0,7119
4290,0,0001,0,6530
4295,0,0031,0,6585
4285,0,1510,0,6628
4300,-0,1096,0,6721
4305,0,2468,0,7133
4310,0,3413,0,7005
4320,0,2356,0,5984
4315,0,2839,0,7265
4335,0,0007,0,5874
4330,0,3690,0,6744
4325,-0,0276,0,7680
4345,0,1288,0,5170
4340,-0,1963,0,4684
4355,0,0554,0,5184
4360,0,0334,0,5711
4350,0,2660,0,5445
4370,-0,1138,0,4528
4375,0,0498,0,8013
4365,-0,0380,0,7532
4380,0,3492,0,5899
4385,-0,0200,0,6957
4390,0,2215,0,6377
4400,-0,1205,0,6589
4395,-0,0449,0,6628
4405,0,2402,0,7568
4410,0,0051,0,5500
4415,0,0208,0,6760
4420,-0,1994,0,3870
4425,-0,0839,0,4588
4435,0,0818,0,6581
4430,0,3078,0,7881
4440,0,2642,0,7006
4445,0,3914,0,7713
4455,0,2849,0,6825
4460,-0,0138,0,3933
4450,0,2993,0,6224
4465,-0,2593,0,5170
4475,-0,2144,0,5172
4470,-0,1101,0,4284
4480,0,1115,0,7253
4485,0,0027,0,6931
4495,0,0457,0,5234
4490,0,1289,0,6586
4500,0,3068,0,5352
4510,-0,0128,0,5243
4505,0,1490,0,4479
4520,0,1671,0,5944
4515,0,0034,0,6051
4525,-0,0691,0,4954
4530,-0,1991,0,6818
4540,0,1463,0,5478
4550,-0,3508,0,3389
4535,0,0520,0,7136
4545,0,3893,0,7041
4560,0,1718,0,6341
4555,-0,0677,0,4843
4565,-0,0089,0,5460
4585,-0,1578,0,4605
4575,-0,0328,0,5254
4570,0,0032,0,6515
4580,0,3309,0,6276
4590,0,0652,0,7097
4600,-0,0947,0,5166
4595,0,0018,0,7241
4605,0,0191,0,6863
4615,-0,0004,0,5197
4620,-0,0001,0,4768
4610,0,1575,0,6471
4625,-0,0303,0,4259
4630,0,0077,0,5907
4640,0,0468,0,7086
4635,-0,0579,0,5013
4645,-0,0247,0,6429
4660,0,2637,0,6691
4650,0,2775,0,5488
4655,0,0837,0,7276
4665,0,2859,0,6675
4670,0,3605,0,6413
4680,-0,1671,0,4732
4675,0,4268,0,5252
4685,0,0085,0,7077
4695,0,0578,0,5426
4690,-0,0443,0,7389
4700,0,3685,0,7171
4705,0,1197,0,6431
4710,-0,2295,0,4461
4720,-0,0870,0,5000
4715,0,3490,0,7201
4730,-0,3145,0,5151
4725,0,3559,0,5931
4745,-0,0372,0,6062
4740,0,2301,0,6541
4735,0,5297,0,6849
4750,0,1201,0,7596
4760,0,0484,0,5304
4755,0,3821,0,7690
4765,-0,1169,0,7186
4780,0,3060,0,6745
4785,0,1159,0,4010
4770,-0,0017,0,6685
4775,0,0143,0,4478
4790,0,3962,0,5920
4795,0,0014,0,6827
4805,-0,0629,0,5501
4800,0,3271,0,7445
4820,0,2634,0,5753
4810,0,0594,0,4363
4825,0,2463,0,5638
4815,-0,0052,0,7721
4835,-0,2056,0,4760
4830,0,2763,0,6385
4840,0,0241,0,4688
4850,0,1857,0,6228
4865,0,2267,0,7135
4845,0,2813,0,7113
4860,0,2300,0,5691
4855,0,1439,0,8269
4870,0,0087,0,5680
4875,-0,0328,0,4875
4880,-0,0477,0,5162
4885,0,4276,0,8210
4900,0,0580,0,5450
4890,0,2589,0,6771
4895,0,1252,0,5198
4905,0,2877,0,6365
4910,0,0114,0,7309
4915,0,1031,0,6802
4920,0,3508,0,7445
4930,0,3089,0,8069
4940,0,0012,0,5786
4925,0,2872,0,6088
4935,0,2768,0,6621
4945,0,0273,0,7029
4950,0,0026,0,7563
4955,0,4200,0,7320
4960,0,4418,0,6649
4965,0,2000,0,5876
4980,0,2306,0,6042
4970,0,0858,0,5280
4975,-0,1414,0,4909
4985,0,3481,0,7105
4990,-0,0840,0,7075
4995,0,2635,0,5523
